hospital_id,latitude,longitude,city,name
ca-on-georgian-bay-general-hosp-midland-site,44.7422,-79.9135,Midland,Georgian Bay General Hosp Midland Site
ca-on-bluewater-health-charlotte-eleanor-englehart-petrolia,42.8785,-82.1470,Petrolia,Bluewater Health Charlotte Eleanor Englehart Petrolia
ca-on-sunnybrook,43.7227,-79.3747,Toronto,Sunnybrook Health Sciences Centre
ca-on-london-hlth-sciences-ctr-victoria-hosp,42.9555,-81.2220,London,London Hlth Sciences Ctr Victoria Hosp
ca-on-tor-east-hlth-ntwrk-michael-garron-hosp,43.6898,-79.3257,Toronto,Tor East Hlth Ntwrk Michael Garron Hosp
ca-on-st-joseph-s-health-care-london,43.0007,-81.2546,London,St Joseph S Health Care London
ca-on-perth-and-smiths-falls-district-hospital-perth-site,44.9060,-76.2530,Perth,Perth And Smiths Falls District Hospital Perth Site
ca-on-mackenzie-health-cortellucci-vaughan-hosp,43.8499,-79.5400,Vaughan,Mackenzie Health Cortellucci Vaughan Hosp
ca-on-sioux-lookout-meno-ya-win-health-centre-cntr,50.1130,-91.9056,Sioux Lookout,Sioux Lookout Meno Ya Win Health Centre Cntr
ca-on-thunder-bay-regional-hlth-sciences-ctr,48.4244,-89.2689,Thunder Bay,Thunder Bay Regional Hlth Sciences Ctr
ca-on-bluewater-health-sarnia-general-site,42.9745,-82.4066,Sarnia,Bluewater Health Sarnia General Site
ca-on-pembroke-regional-hospital-inc,45.8270,-77.1110,Pembroke,Pembroke Regional Hospital Inc
ca-on-riverside-health-care-facilities-inc-rainy-river,48.7216,-94.5695,Rainy River,Riverside Health Care Facilities Inc Rainy River
ca-on-riverside-health-care-facilities-inc-la-verendrye,48.6095,-93.4075,Fort Frances,Riverside Health Care Facilities Inc La Verendrye
ca-on-niagara-health-system-st-catharines-gen,43.1678,-79.2372,St. Catharines,Niagara Health System St Catharines Gen
ca-on-niagara-health-system-marotta-family-hosp,43.1678,-79.2372,St. Catharines,Niagara Health System Marotta Family Hosp
ca-on-niagara-health-system-greater-niagara,43.0897,-79.1023,Niagara Falls,Niagara Health System Greater Niagara
ca-on-niagara-health-system-welland-county,42.9922,-79.2483,Welland,Niagara Health System Welland County
ca-on-niagara-health-system-port-colborne-site,42.8914,-79.2520,Port Colborne,Niagara Health System Port Colborne Site
ca-on-niagara-health-system-fort-erie-douglas-site,42.9017,-78.9721,Fort Erie,Niagara Health System Fort Erie Douglas Site
ca-on-perth-smiths-falls-dist-smiths-falls-site,44.9045,-76.0233,Smiths Falls,Perth Smiths Falls Dist Smiths Falls Site
ca-on-brightshores-health-system-meaford-site,44.6079,-80.5921,Meaford,Brightshores Health System Meaford Site
ca-on-brightshores-health-system-owen-sound,44.5696,-80.9108,Owen Sound,Brightshores Health System Owen Sound
ca-on-brightshores-health-system-owen-sound-site,44.5696,-80.9108,Owen Sound,Brightshores Health System Owen Sound Site
ca-on-brightshores-health-system-wiarton-site,44.7333,-81.1333,Wiarton,Brightshores Health System Wiarton Site
ca-on-brightshores-health-system-markdale-site,44.2001,-80.4908,Markdale,Brightshores Health System Markdale Site
ca-on-brightshores-health-system-southampton-site,44.4988,-81.3734,Southampton,Brightshores Health System Southampton Site
ca-on-brightshores-health-system-lions-head-site,45.0441,-81.2588,Lion's Head,Brightshores Health System Lions Head Site
ca-on-halton-healthcare-services-corp-georgetown,43.6400,-79.9340,Georgetown,Halton Healthcare Services Corp Georgetown
ca-on-halton-healthcare-services-corp-milton,43.5183,-79.8774,Milton,Halton Healthcare Services Corp Milton
ca-on-halton-healthcare-services-corp-oakville,43.4501,-79.6829,Oakville,Halton Healthcare Services Corp Oakville
ca-on-brant-community-healthcare-sys-brantford,43.1521,-80.2763,Brantford,Brant Community Healthcare Sys Brantford
ca-on-william-osler,43.7473,-79.7444,Brampton,William Osler Health System
ca-on-health-sciences-north-laurentian,46.4678,-80.9964,Sudbury,Health Sciences North Laurentian
ca-on-lakeridge-health-oshawa-site,43.9033,-78.8683,Oshawa,Lakeridge Health Oshawa Site
ca-on-lakeridge-health-ajax-site,43.8369,-79.0169,Ajax,Lakeridge Health Ajax Site
ca-on-lakeridge-health-bowmanville-site,43.9048,-78.6750,Bowmanville,Lakeridge Health Bowmanville Site
ca-on-lakeridge-health-port-perry-site,44.1032,-78.9528,Port Perry,Lakeridge Health Port Perry Site
ca-on-humber-river-health-wilson-site,43.7242,-79.4886,Toronto,Humber River Health Wilson Site
ca-on-unity-health-toronto-st-michael-s,43.6534,-79.3776,Toronto,Unity Health Toronto St Michael S
ca-on-unity-health-toronto-st-joseph-s,43.6393,-79.4452,Toronto,Unity Health Toronto St Joseph S
ca-on-toronto-general,43.6590,-79.3875,Toronto,University Health Network
ca-on-hospital-for-sick-children-the,43.6573,-79.3892,Toronto,Hospital For Sick Children The
ca-on-sinai-health-system-mount-sinai-site,43.6592,-79.3904,Toronto,Sinai Health System Mount Sinai Site
ca-on-ottawa-hospital-the-civic-site,45.3922,-75.7225,Ottawa,Ottawa Hospital The Civic Site
ca-on-ottawa-hospital-the-general-site,45.4011,-75.6492,Ottawa,Ottawa Hospital The General Site
ca-on-quinte-health-belleville,44.1633,-77.3647,Belleville,Quinte Health Belleville
ca-on-quinte-health-picton,44.0156,-77.1372,Picton,Quinte Health Picton
ca-on-oak-valley-health-markham-stouffville-hospital,43.8840,-79.2263,Markham,Oak Valley Health Markham Stouffville Hospital
ca-on-oak-valley-health-uxbridge-hospital,44.1028,-79.1272,Uxbridge,Oak Valley Health Uxbridge Hospital
ca-on-trillium-health-partners-mississauga,43.5717,-79.6076,Mississauga,Trillium Health Partners Mississauga
ca-on-trillium-health-partners-credit-valley,43.5555,-79.7042,Mississauga,Trillium Health Partners Credit Valley
ca-on-trillium-health-partners-queensway-hlth,43.6166,-79.5583,Etobicoke,Trillium Health Partners Queensway Hlth
ca-on-muskoka-algonquin-healthcare-huntsville,45.3334,-79.2163,Huntsville,Muskoka Algonquin Healthcare Huntsville
ca-on-muskoka-algonquin-healthcare-bracebridge,45.0476,-79.3143,Bracebridge,Muskoka Algonquin Healthcare Bracebridge
ca-on-south-bruce-grey-health-centre-kincardine,44.1892,-81.6254,Kincardine,South Bruce Grey Health Centre Kincardine
ca-on-services-de-sante-de-chapleau-health-services,47.8407,-83.4151,Chapleau,Services De Sante De Chapleau Health Services
ca-on-the-lady-minto-hospital,49.0708,-81.0219,Cochrane,The Lady Minto Hospital
ca-on-the-red-lake-margaret-cochenour-memorial-hospital,51.0168,-93.8337,Red Lake,The Red Lake Margaret Cochenour Memorial Hospital
ca-on-arnprior-regional-health,45.4320,-76.3533,Arnprior,Arnprior Regional Health
ca-on-huron-perth-healthcare-alliance-st-marys,43.2625,-81.1396,St Marys,Huron Perth Healthcare Alliance St Marys
ca-on-chatham-kent-health-alliance-wallaceburg,42.5975,-82.3850,Wallaceburg,Chatham Kent Health Alliance Wallaceburg
ca-on-chatham-kent-health-alliance-chatham,42.4100,-82.1850,Chatham,Chatham Kent Health Alliance Chatham
ca-on-huron-perth-healthcare-alliance-clinton,43.6186,-81.5386,Clinton,Huron Perth Healthcare Alliance Clinton
ca-on-huron-perth-healthcare-alliance-stratford,43.3764,-80.9767,Stratford,Huron Perth Healthcare Alliance Stratford
ca-on-huron-perth-healthcare-alliance-seaforth,43.5544,-81.3919,Seaforth,Huron Perth Healthcare Alliance Seaforth
ca-on-four-counties-health-services-corporation,42.6333,-81.7167,Newbury,Four Counties Health Services Corporation
ca-on-north-wellington-health-care-mount-forest,43.9833,-80.7333,Mount Forest,North Wellington Health Care Mount Forest
ca-on-mackenzie-health-jane-street-site,43.8183,-79.5292,Vaughan,Mackenzie Health Jane Street Site
ca-on-manitoulin-health-centre-mindemoya-unit,45.7333,-82.1667,Mindemoya,Manitoulin Health Centre Mindemoya Unit
ca-on-quinte-health-trenton,44.1033,-77.5750,Trenton,Quinte Health Trenton
ca-on-quinte-health-bancroft,45.0569,-77.8544,Bancroft,Quinte Health Bancroft
ca-on-hawkesbury-and-district-general-hospital,45.6072,-74.6075,Hawkesbury,Hawkesbury And District General Hospital
ca-on-blanche-river-health-englehart,47.8222,-79.8736,Englehart,Blanche River Health Englehart
ca-on-blanche-river-health-kirkland,48.1517,-80.0381,Kirkland Lake,Blanche River Health Kirkland
ca-on-kingston-health,44.2250,-76.4950,Kingston,Kingston Health Sciences Centre
ca-on-st-joseph-s-health-care-system-hamilton,43.2450,-79.8717,Hamilton,St Joseph S Health Care System Hamilton
ca-on-windsor-regional-hospital-metropolitan-campus,42.2858,-82.9786,Windsor,Windsor Regional Hospital Metropolitan Campus
ca-on-windsor-regional-hospital-ouellette-campus,42.3100,-83.0286,Windsor,Windsor Regional Hospital Ouellette Campus
ca-on-london-hlth-sciences-ctr-university-hosp,43.0100,-81.2742,London,London Hlth Sciences Ctr University Hosp
ca-on-south-bruce-grey-health-centre-durham,44.1750,-80.8250,Durham,South Bruce Grey Health Centre Durham
ca-on-south-bruce-grey-health-centre-chesley,44.3000,-81.1000,Chesley,South Bruce Grey Health Centre Chesley
ca-on-south-bruce-grey-health-centre-walkerton,44.1333,-81.1500,Walkerton,South Bruce Grey Health Centre Walkerton
ca-on-north-wellington-health-care-palmerston,43.8383,-80.8420,Palmerston,North Wellington Health Care Palmerston
ca-on-north-shore-health-network-richards-landing,46.2917,-83.9533,Richards Landing,North Shore Health Network Richards Landing
